,chapter,senten_num,sentiment,person
0,1,2,0.624615254649289,李诗情
1,1,6,0.949742522644587,李诗情
2,1,9,0.2688309991588754,肖鹤云
3,1,13,0.9804799973818725,肖鹤云
4,1,13,0.9804799973818725,李诗情
5,1,14,0.5764962936599998,李诗情
6,1,15,0.6418504096644726,李诗情
7,1,20,0.9723053441834314,李诗情
8,1,23,0.9980860235193061,肖鹤云
9,1,23,0.9980860235193061,李诗情
10,1,24,0.9775294137439053,肖鹤云
11,1,24,0.9775294137439053,李诗情
12,1,25,0.96782670315859,肖鹤云
13,1,29,0.949742522644587,李诗情
14,1,35,0.31152671021990075,李诗情
15,1,37,0.9885587022990855,李诗情
16,1,43,0.015891705715915028,张警官
17,1,46,0.1081075811494222,肖鹤云
18,1,46,0.1081075811494222,李诗情
19,1,48,0.32868639099353514,李诗情
20,1,49,0.6037831011663753,李诗情
21,1,50,0.9107099704125996,李诗情
22,1,55,0.29182893997968407,李诗情
23,1,55,0.29182893997968407,张警官
24,1,56,0.4506976247910368,李诗情
25,1,57,0.40699725989909363,李诗情
26,1,59,0.998869835835586,肖鹤云
27,1,59,0.998869835835586,李诗情
28,1,60,0.9721980704501968,肖鹤云
29,1,61,0.8337654177036571,肖鹤云
30,1,63,0.04060835696488885,李诗情
31,1,63,0.04060835696488885,张警官
32,1,64,0.9903412561107099,李诗情
33,1,65,0.7627109328104995,李诗情
34,1,66,0.47246483954201124,张警官
35,1,67,0.9192817862995942,李诗情
36,1,73,0.8900971401571642,李诗情
37,1,75,0.314894927923269,张警官
38,1,77,0.7837711860589068,李诗情
39,1,80,0.8901845494929276,李诗情
40,1,87,0.8893741909488335,李诗情
41,1,93,0.9666866454460974,李诗情
42,1,94,0.6987781208090184,李诗情
43,1,97,0.9677715277886452,李诗情
44,1,101,0.11654273788371505,李诗情
45,1,101,0.11654273788371505,张警官
46,1,102,0.8470172450954533,李诗情
47,1,104,0.7395915942418253,李诗情
48,1,105,0.8519081770380539,李诗情
49,1,107,0.020468245829081355,李诗情
50,1,107,0.020468245829081355,张警官
51,1,108,0.47441048924361784,肖鹤云
52,1,112,0.09033753604801376,李诗情
53,1,112,0.09033753604801376,张警官
54,1,114,0.9718419214791986,肖鹤云
55,1,115,0.8025859966323314,李诗情
56,1,117,0.8578292918992794,肖鹤云
57,2,2,0.9971372463329659,肖鹤云
58,2,2,0.9971372463329659,李诗情
59,2,3,0.488352918799032,李诗情
60,2,6,0.9904590271301973,肖鹤云
61,2,16,0.994979351453117,肖鹤云
62,2,17,0.9930126372753386,肖鹤云
63,2,21,0.9885320025242234,肖鹤云
64,2,22,0.9765078913227458,李诗情
65,2,24,0.833393965385895,李诗情
66,2,27,0.9461402199824037,肖鹤云
67,2,27,0.9461402199824037,李诗情
68,2,28,0.23799401071298654,肖鹤云
69,2,29,0.9377114119000237,肖鹤云
70,2,29,0.9377114119000237,李诗情
71,2,31,0.888139084803734,肖鹤云
72,2,38,0.5742690103216709,肖鹤云
73,2,39,0.9130790787767146,肖鹤云
74,2,39,0.9130790787767146,李诗情
75,2,41,0.7847965625755321,肖鹤云
76,2,43,0.9646493382045153,肖鹤云
77,2,48,0.9768684180132169,肖鹤云
78,2,49,0.26452131395552814,李诗情
79,2,51,0.19513357648473162,李诗情
80,2,53,0.3954018966344859,李诗情
81,2,54,0.46653047370961465,肖鹤云
82,2,55,0.69304612461363,肖鹤云
83,2,57,0.7204290355051032,李诗情
84,2,62,0.5458881291853985,李诗情
85,2,67,0.7504960260124571,肖鹤云
86,2,67,0.7504960260124571,李诗情
87,2,72,0.6733318742188349,肖鹤云
88,2,72,0.6733318742188349,李诗情
89,2,77,0.960254494825247,肖鹤云
90,2,77,0.960254494825247,李诗情
91,2,84,0.9914649897413724,肖鹤云
92,2,84,0.9914649897413724,李诗情
93,2,85,0.8868088708860856,李诗情
94,2,87,0.9383158513866986,肖鹤云
95,2,89,0.8716499300353499,肖鹤云
96,2,90,0.9535027025057148,李诗情
97,2,95,0.07372369882482066,肖鹤云
98,2,96,0.6284687444128636,肖鹤云
99,2,96,0.6284687444128636,李诗情
100,2,101,0.33774408307976167,张警官
101,2,105,0.9932288315121999,肖鹤云
102,2,105,0.9932288315121999,李诗情
103,2,110,0.8903547363015143,李诗情
104,3,2,0.9762094888646452,肖鹤云
105,3,7,0.9408413820501564,肖鹤云
106,3,7,0.9408413820501564,李诗情
107,3,11,0.8661341501691912,李诗情
108,3,12,0.9786896310409094,肖鹤云
109,3,15,0.9192817862995942,李诗情
110,3,17,0.571653194908525,肖鹤云
111,3,18,0.9988329136319096,肖鹤云
112,3,18,0.9988329136319096,李诗情
113,3,19,0.6168469924536477,李诗情
114,3,22,0.30329081243646006,张警官
115,3,23,0.9835460754880345,肖鹤云
116,3,23,0.9835460754880345,李诗情
117,3,23,0.9835460754880345,张警官
118,3,25,0.9894244866055095,肖鹤云
119,3,26,0.8970765268056204,肖鹤云
120,3,26,0.8970765268056204,张警官
121,3,28,0.9833067608757505,肖鹤云
122,3,28,0.9833067608757505,张警官
123,3,29,0.8169100052580418,肖鹤云
124,3,31,0.9800561190119096,肖鹤云
125,3,32,0.8922053572057512,肖鹤云
126,3,32,0.8922053572057512,张警官
127,3,34,0.9047840283344195,肖鹤云
128,3,35,0.554075168837068,肖鹤云
129,3,37,0.8673122890329843,肖鹤云
130,3,39,0.4357437508136861,肖鹤云
131,3,39,0.4357437508136861,张警官
132,3,40,0.5217199820516515,李诗情
133,3,43,0.951024990350135,肖鹤云
134,3,43,0.951024990350135,李诗情
135,3,45,0.15299918917776134,张警官
136,3,46,0.9800848342640235,肖鹤云
137,3,51,0.9601582778895652,肖鹤云
138,3,55,0.8938050791296076,肖鹤云
139,3,56,0.7653266833055933,肖鹤云
140,3,57,0.9400948598859821,肖鹤云
141,3,58,0.9762094888646452,肖鹤云
142,3,59,0.9736443348254468,肖鹤云
143,3,60,0.040481135093142995,李诗情
144,3,60,0.040481135093142995,张警官
145,3,61,0.6050170870557133,李诗情
146,3,61,0.6050170870557133,张警官
147,3,62,0.6473047059831477,张警官
148,3,63,0.537955912454162,李诗情
149,3,64,0.956536414100634,李诗情
150,3,64,0.956536414100634,张警官
151,3,65,0.7267488624885873,李诗情
152,3,65,0.7267488624885873,张警官
153,3,66,0.16480713686722315,张警官
154,3,67,0.23491977449033652,张警官
155,3,68,0.8919956775783473,张警官
156,3,70,0.9588698960431747,肖鹤云
157,3,71,0.9960491830460665,肖鹤云
158,3,74,0.6515187524032489,李诗情
159,3,74,0.6515187524032489,张警官
160,3,75,0.46464381345099814,李诗情
161,3,76,0.8961835926522496,李诗情
162,3,77,0.6053944939864361,肖鹤云
163,3,77,0.6053944939864361,李诗情
164,3,82,0.9784180666248501,肖鹤云
165,3,82,0.9784180666248501,李诗情
166,3,89,0.6623693374090055,肖鹤云
167,3,89,0.6623693374090055,李诗情
168,3,92,0.9970349158050663,肖鹤云
169,3,92,0.9970349158050663,李诗情
170,3,93,0.44237385208872904,李诗情
171,3,97,0.4676671201000093,肖鹤云
172,3,97,0.4676671201000093,张警官
173,3,98,0.7498894774246816,肖鹤云
174,3,99,0.9575693326206572,李诗情
175,3,100,0.9669563819074363,肖鹤云
176,3,100,0.9669563819074363,李诗情
177,3,101,0.9384251915408343,肖鹤云
178,3,101,0.9384251915408343,张警官
179,3,102,0.9639302026189949,李诗情
180,3,102,0.9639302026189949,张警官
181,3,103,0.8898503452821124,肖鹤云
182,3,104,0.4841614967689204,李诗情
183,3,106,0.9993432932088446,李诗情
184,3,112,0.05505716240936964,肖鹤云
185,3,112,0.05505716240936964,李诗情
186,3,115,0.9864120709871067,肖鹤云
187,3,119,0.5933258601462934,肖鹤云
188,3,120,0.3009431815886805,李诗情
189,4,2,0.8111156077654065,李诗情
190,4,3,0.8490883385561476,肖鹤云
191,4,4,0.9282629555122889,肖鹤云
192,4,5,0.9623684629750455,肖鹤云
193,4,7,0.9476748409595033,李诗情
194,4,8,0.8963454003079274,肖鹤云
195,4,10,0.9831787776922669,李诗情
196,4,12,0.6139379886431877,肖鹤云
197,4,12,0.6139379886431877,李诗情
198,4,13,0.5981220357524786,李诗情
199,4,14,0.4750903503227777,李诗情
200,4,16,0.9308431735781686,肖鹤云
201,4,16,0.9308431735781686,李诗情
202,4,19,0.09729547682015549,张警官
203,4,23,0.7073295495969584,肖鹤云
204,4,23,0.7073295495969584,李诗情
205,4,27,0.6539770482317604,肖鹤云
206,4,27,0.6539770482317604,李诗情
207,4,31,0.9602448216749473,肖鹤云
208,4,32,0.988759441446892,李诗情
209,4,35,0.9866461931820739,肖鹤云
210,4,38,0.009571260157513528,李诗情
211,4,40,0.9723094848214457,肖鹤云
212,4,40,0.9723094848214457,李诗情
213,4,41,0.7598595394786292,李诗情
214,4,42,0.8966552084302324,肖鹤云
215,4,44,0.004149841428804368,李诗情
216,4,46,0.3954018966344859,李诗情
217,4,52,0.9762094888646452,肖鹤云
218,4,56,0.014031942405939857,李诗情
219,4,57,0.1531984945456245,李诗情
220,4,58,0.8672252959205983,肖鹤云
221,4,58,0.8672252959205983,李诗情
222,4,59,0.9737056054516979,肖鹤云
223,4,61,0.9312356359294283,肖鹤云
224,4,62,0.42601009338739915,李诗情
225,4,70,0.9840938242584053,李诗情
226,4,74,0.22958286117695315,李诗情
227,4,75,0.9554732761738614,肖鹤云
228,4,76,0.9700289749846353,肖鹤云
229,4,78,0.911292773214341,肖鹤云
230,4,80,0.2698528999936537,李诗情
231,4,83,0.8854124223233483,肖鹤云
232,4,84,0.9387462881715335,肖鹤云
233,4,89,0.25345175670113096,李诗情
234,4,90,0.9662574905245974,肖鹤云
235,4,90,0.9662574905245974,李诗情
236,4,91,0.971367927069708,肖鹤云
237,4,92,0.9811718305659768,肖鹤云
238,4,96,0.9979701500036046,肖鹤云
239,4,96,0.9979701500036046,李诗情
240,4,100,0.055622354927785,李诗情
241,4,102,0.8297802483931563,张警官
242,4,103,0.5110509487705804,李诗情
243,4,103,0.5110509487705804,张警官
244,4,104,0.9860295738062128,李诗情
245,4,108,0.7277041130877546,李诗情
246,4,108,0.7277041130877546,张警官
247,4,113,0.19729345894726247,李诗情
248,4,113,0.19729345894726247,张警官
249,4,114,0.8725476887801976,李诗情
250,4,115,0.9987733749233547,肖鹤云
251,4,115,0.9987733749233547,李诗情
252,4,116,0.6558792508270727,肖鹤云
253,4,116,0.6558792508270727,李诗情
254,4,118,0.8765060188942297,肖鹤云
255,4,119,0.035962599921839256,李诗情
256,4,119,0.035962599921839256,张警官
257,4,121,0.2544091987546566,李诗情
258,4,123,0.622290768857928,肖鹤云
259,4,124,0.9668391169978378,肖鹤云
260,4,124,0.9668391169978378,李诗情
261,4,125,0.8097973735436833,李诗情
262,5,2,0.9951650595708309,肖鹤云
263,5,2,0.9951650595708309,李诗情
264,5,8,0.5576998308695087,肖鹤云
265,5,8,0.5576998308695087,李诗情
266,5,9,0.9653103147412593,肖鹤云
267,5,9,0.9653103147412593,李诗情
268,5,10,0.9444906801407299,肖鹤云
269,5,10,0.9444906801407299,张警官
270,5,11,0.6451437225275437,李诗情
271,5,15,0.9730756013205814,肖鹤云
272,5,21,0.8173579089204123,肖鹤云
273,5,21,0.8173579089204123,张警官
274,5,22,0.9994401073965139,肖鹤云
275,5,24,0.9969708682350847,肖鹤云
276,5,25,0.9943359995940103,肖鹤云
277,5,28,0.20708026912306743,肖鹤云
278,5,28,0.20708026912306743,张警官
279,5,29,0.5016417195661462,肖鹤云
280,5,30,0.9875164194306908,肖鹤云
281,5,31,0.9056915415493481,肖鹤云
282,5,33,0.015241845142811572,李诗情
283,5,35,0.3997598784623556,肖鹤云
284,5,38,0.9775336251458914,肖鹤云
285,5,38,0.9775336251458914,李诗情
286,5,39,0.9243577741979614,肖鹤云
287,5,43,0.7411754221738599,肖鹤云
288,5,43,0.7411754221738599,李诗情
289,5,47,0.6947916073811172,李诗情
290,5,49,0.8965395183804086,肖鹤云
291,5,51,0.9792020011814805,肖鹤云
292,5,57,0.8995623138464085,肖鹤云
293,5,57,0.8995623138464085,李诗情
294,5,59,0.992793958108231,肖鹤云
295,5,60,0.8122784381670446,肖鹤云
296,5,65,0.8528451962153633,肖鹤云
297,5,65,0.8528451962153633,李诗情
298,5,68,0.9419463463143389,肖鹤云
299,5,68,0.9419463463143389,李诗情
300,5,73,0.6428853049586598,肖鹤云
301,5,74,0.8965745241617686,李诗情
302,5,76,0.9857233983652979,肖鹤云
303,5,77,0.969031681919585,肖鹤云
304,5,77,0.969031681919585,李诗情
305,5,81,0.9348407519466897,肖鹤云
306,5,81,0.9348407519466897,李诗情
307,5,86,0.9863918096543771,李诗情
308,5,89,0.9636402264384413,肖鹤云
309,5,91,0.9661758898864534,肖鹤云
310,5,91,0.9661758898864534,李诗情
311,5,96,0.9987211082868727,肖鹤云
312,5,96,0.9987211082868727,李诗情
313,5,97,0.9762094888646452,肖鹤云
314,5,101,0.47391227156993354,肖鹤云
315,5,101,0.47391227156993354,李诗情
316,5,106,0.9996923639234907,肖鹤云
317,5,106,0.9996923639234907,李诗情
318,5,113,0.9557748890081788,肖鹤云
319,5,113,0.9557748890081788,李诗情
320,6,4,0.08711469625427204,张警官
321,6,8,0.011664613075279995,卢迪
322,6,9,0.9477898356577217,肖鹤云
323,6,9,0.9477898356577217,李诗情
324,6,12,0.1272763049373865,李诗情
325,6,12,0.1272763049373865,卢迪
326,6,13,0.4737672181921908,卢迪
327,6,14,0.038292824115116475,李诗情
328,6,15,0.10958734275036519,卢迪
329,6,21,0.9994736474443864,肖鹤云
330,6,21,0.9994736474443864,李诗情
331,6,21,0.9994736474443864,卢迪
332,6,22,0.7188541929248119,卢迪
333,6,23,0.2343488708474425,卢迪
334,6,24,0.3948218166876323,卢迪
335,6,28,0.030328414442606477,卢迪
336,6,29,0.9979984644395675,肖鹤云
337,6,29,0.9979984644395675,李诗情
338,6,34,0.9999279363204506,肖鹤云
339,6,34,0.9999279363204506,李诗情
340,6,34,0.9999279363204506,卢迪
341,6,36,0.49443242712352165,卢迪
342,6,38,0.6755946335900128,卢迪
343,6,42,0.15715498178048637,卢迪
344,6,43,0.2883928661326973,卢迪
345,6,44,0.6379824759483227,卢迪
346,6,45,0.5,卢迪
347,6,49,0.5056617141915788,卢迪
348,6,54,0.3925782514460149,卢迪
349,6,55,0.18999029011464297,卢迪
350,6,56,0.009065523097213646,卢迪
351,6,57,0.9963968558890394,肖鹤云
352,6,57,0.9963968558890394,李诗情
353,6,57,0.9963968558890394,卢迪
354,6,58,0.11524991675531515,卢迪
355,6,59,0.0964907031879455,卢迪
356,6,61,0.20454022162471153,卢迪
357,6,63,0.27656805806080553,卢迪
358,6,65,0.08478739832215443,卢迪
359,6,66,0.5180297910986704,卢迪
360,6,68,0.26732640946717046,卢迪
361,6,69,0.5663980091345865,卢迪
362,6,75,0.7924735796249395,卢迪
363,6,76,0.15715107449975907,卢迪
364,6,77,0.20804895664492484,卢迪
365,6,79,0.878460255658015,肖鹤云
366,6,79,0.878460255658015,李诗情
367,6,84,0.67482801561622,李诗情
368,6,85,0.9989106076410359,肖鹤云
369,6,89,0.7286954466239596,李诗情
370,6,94,0.6012784859036444,李诗情
371,6,95,0.78373752528935,李诗情
372,6,95,0.78373752528935,卢迪
373,6,96,0.5519365882949195,肖鹤云
374,6,97,0.5573889912408464,李诗情
375,6,98,0.9795314532833244,肖鹤云
376,6,101,0.9762094888646452,肖鹤云
377,6,102,0.030762985650749974,卢迪
378,6,106,0.029439097295609673,卢迪
379,6,108,0.2740380360496508,张警官
380,6,110,0.2412671717435554,张警官
381,6,111,0.298049116967929,张警官
382,6,112,0.9974919317488368,肖鹤云
383,6,112,0.9974919317488368,李诗情
384,6,112,0.9974919317488368,卢迪
385,6,113,0.29268999954135344,卢迪
386,7,2,0.15179734819684843,肖鹤云
387,7,2,0.15179734819684843,李诗情
388,7,5,0.43267183054631975,肖鹤云
389,7,5,0.43267183054631975,卢迪
390,7,7,0.8348113051853514,肖鹤云
391,7,7,0.8348113051853514,李诗情
392,7,8,0.2412671717435554,张警官
393,7,9,0.9126899249257071,李诗情
394,7,11,0.9464291118138273,肖鹤云
395,7,14,0.7660462235196507,肖鹤云
396,7,14,0.7660462235196507,李诗情
397,7,14,0.7660462235196507,张警官
398,7,26,0.016591735317480594,张警官
399,7,27,0.8337280349370435,肖鹤云
400,7,27,0.8337280349370435,李诗情
401,7,30,0.22743775517538156,李诗情
402,7,42,0.8097170892370886,卢迪
403,7,44,0.08178458447355652,卢迪
404,7,46,0.9159451026761125,卢迪
405,7,47,0.17790141637642531,张警官
406,7,49,0.9985342249067015,肖鹤云
407,7,49,0.9985342249067015,李诗情
408,7,52,0.5955485552103303,卢迪
409,7,53,0.4550721945496723,卢迪
410,7,56,0.5934937875950088,卢迪
411,7,57,0.07229288381219534,卢迪
412,7,59,0.7037188227714501,卢迪
413,7,60,0.6864403227850107,卢迪
414,7,61,0.29228790664739746,卢迪
415,7,64,0.5544465665204066,卢迪
416,7,65,0.6791743773714938,卢迪
417,7,66,0.9260843852729346,卢迪
418,7,67,0.2295190406896026,卢迪
419,7,69,0.625628646765197,卢迪
420,7,70,0.8449723929562858,卢迪
421,7,71,0.5351401905608494,肖鹤云
422,7,71,0.5351401905608494,李诗情
423,7,76,0.13491976001420503,卢迪
424,7,80,0.979243947823778,卢迪
425,7,80,0.979243947823778,张警官
426,7,81,0.22681956736464026,卢迪
427,7,82,0.8414045175045544,卢迪
428,7,84,0.9655025064558135,肖鹤云
429,7,84,0.9655025064558135,李诗情
430,7,86,0.847341722878314,李诗情
431,7,90,0.44055807693845983,卢迪
432,7,91,0.5386602157403307,肖鹤云
433,7,91,0.5386602157403307,李诗情
434,7,91,0.5386602157403307,卢迪
435,7,92,0.11369396205725046,卢迪
436,7,93,0.24856142160831374,卢迪
437,7,95,0.9847515285317218,肖鹤云
438,7,95,0.9847515285317218,李诗情
439,7,100,0.990468818419895,肖鹤云
440,7,104,0.6934990078664488,肖鹤云
441,7,108,0.9710981114512334,李诗情
442,7,114,0.8777559982653921,李诗情
443,7,123,0.6519822799104952,李诗情
444,8,18,0.7073295495969555,肖鹤云
445,8,18,0.7073295495969555,李诗情
446,8,22,0.6847520268259107,李诗情
447,8,25,0.2155105744046063,李诗情
448,8,26,0.9625238093588894,李诗情
449,8,29,0.4970000002413556,李诗情
450,8,30,0.7865964068493883,李诗情
451,8,35,0.8445089613643404,李诗情
452,8,36,0.8572366938517463,李诗情
453,8,38,0.44055807693845983,卢迪
454,8,40,0.9941545831530967,肖鹤云
455,8,40,0.9941545831530967,李诗情
456,8,42,0.9546289065627476,肖鹤云
457,8,62,0.7864403899938288,李诗情
458,8,64,0.8660962060585551,肖鹤云
459,8,65,0.9828855550765903,肖鹤云
460,8,65,0.9828855550765903,李诗情
461,8,66,0.7317437063016015,李诗情
462,8,68,0.9835103254532777,肖鹤云
463,8,71,0.8963454003079274,肖鹤云
464,8,74,0.6900725750390334,肖鹤云
465,8,76,0.6036074006339557,李诗情
466,8,81,0.9639189307361163,肖鹤云
467,8,81,0.9639189307361163,李诗情
468,8,85,0.7815670323330991,李诗情
469,8,91,0.964415083314183,肖鹤云
470,8,91,0.964415083314183,李诗情
471,8,93,0.44055807693845983,卢迪
472,8,94,0.353174102343226,李诗情
473,8,96,0.22189968077269961,肖鹤云
474,8,98,0.9928917366912933,肖鹤云
475,8,102,0.9815548945301427,肖鹤云
476,8,103,0.7836944088785577,肖鹤云
477,8,103,0.7836944088785577,李诗情
478,8,108,0.9555274623840585,肖鹤云
479,8,108,0.9555274623840585,李诗情
480,8,111,0.7317437063016015,李诗情
481,8,112,0.9987059795783572,肖鹤云
482,8,112,0.9987059795783572,李诗情
483,8,115,0.9985894368872125,肖鹤云
484,8,115,0.9985894368872125,李诗情
485,8,116,0.3451861458490163,李诗情
486,8,119,0.9111372812799086,李诗情
487,8,120,0.9002764751501391,李诗情
488,8,121,0.9963006480027656,肖鹤云
489,8,121,0.9963006480027656,李诗情
490,8,123,0.4299728589809204,李诗情
491,8,125,0.9129675137615236,肖鹤云
492,8,129,0.7085923308003611,肖鹤云
493,8,131,0.8762461587221508,李诗情
494,9,7,0.8251630618122167,肖鹤云
495,9,7,0.8251630618122167,李诗情
496,9,10,0.07039169623739061,肖鹤云
497,9,10,0.07039169623739061,李诗情
498,9,11,0.16436651819018255,张警官
499,9,16,0.9971290896874738,肖鹤云
500,9,16,0.9971290896874738,李诗情
501,9,17,0.9609832907646331,肖鹤云
502,9,17,0.9609832907646331,李诗情
503,9,19,0.8247423132393766,肖鹤云
504,9,21,0.982607272937,肖鹤云
505,9,25,0.9793465248364693,肖鹤云
506,9,25,0.9793465248364693,李诗情
507,9,27,0.9854860108860098,肖鹤云
508,9,29,0.9204856855343325,肖鹤云
509,9,31,0.9998538389729944,肖鹤云
510,9,31,0.9998538389729944,李诗情
511,9,47,0.3376682672889104,张警官
512,9,48,0.9647276159736385,肖鹤云
513,9,48,0.9647276159736385,李诗情
514,9,51,0.9623191162426936,肖鹤云
515,9,51,0.9623191162426936,张警官
516,9,52,0.8513310138321845,李诗情
517,9,53,0.3421823610310851,李诗情
518,9,54,0.41361429944046624,李诗情
519,9,56,0.9762094888646452,肖鹤云
520,9,60,0.40210045401451844,李诗情
521,9,62,0.8513310138321845,李诗情
522,9,63,0.88469743304134,李诗情
523,9,64,0.47833806269261814,肖鹤云
524,9,64,0.47833806269261814,李诗情
525,9,65,0.957480619976439,肖鹤云
526,9,68,0.24652341429354463,张警官
527,9,71,0.3426167494463944,李诗情
528,9,72,0.6597894646983726,肖鹤云
529,9,72,0.6597894646983726,李诗情
530,9,73,0.7631196409785571,卢迪
531,9,76,0.6101022488949877,肖鹤云
532,9,76,0.6101022488949877,李诗情
533,9,77,0.2216614297851619,卢迪
534,9,78,0.7727887064257211,肖鹤云
535,9,79,0.9790289825632874,肖鹤云
536,9,79,0.9790289825632874,李诗情
537,9,83,0.7895773029626599,李诗情
538,9,85,0.5743825325247337,卢迪
539,9,86,0.26065261187230804,卢迪
540,9,88,0.0975365708042144,张警官
541,9,89,0.4961807892046526,肖鹤云
542,9,89,0.4961807892046526,李诗情
543,9,90,0.9909755661760209,李诗情
544,9,91,0.26101162780652254,张警官
545,9,92,0.9336619747835206,肖鹤云
546,9,93,0.7299906716933093,肖鹤云
547,9,93,0.7299906716933093,卢迪
548,9,97,0.8186258682629263,张警官
549,9,99,0.9950467260134077,肖鹤云
550,9,99,0.9950467260134077,李诗情
551,9,99,0.9950467260134077,卢迪
552,9,101,0.9832630650551643,肖鹤云
553,9,101,0.9832630650551643,李诗情
554,9,103,0.42449595394649264,张警官
555,9,105,0.91224684253046,肖鹤云
556,9,108,0.998618483447859,肖鹤云
557,9,108,0.998618483447859,李诗情
558,9,109,0.9812016600995436,肖鹤云
559,10,3,0.9546477597719293,卢迪
560,10,4,0.2927997833629108,卢迪
561,10,5,0.7297953905324696,卢迪
562,10,6,0.8519519616072642,卢迪
563,10,6,0.8519519616072642,张警官
564,10,8,0.8789498682120552,肖鹤云
565,10,10,0.973644334825447,肖鹤云
566,10,11,0.9947696028499852,肖鹤云
567,10,15,0.9008420892672823,肖鹤云
568,10,17,0.5129749925089478,肖鹤云
569,10,18,0.5846272069526325,肖鹤云
570,10,20,0.919851461303518,李诗情
571,10,21,0.9787931473868018,肖鹤云
572,10,22,0.4032684689846533,张警官
573,10,23,0.980610271870203,肖鹤云
574,10,24,0.5111212798273684,肖鹤云
575,10,25,0.988548646499889,肖鹤云
576,10,25,0.988548646499889,李诗情
577,10,29,0.17710796034731957,李诗情
578,10,31,0.9560974070636613,肖鹤云
579,10,32,0.9945351301078446,肖鹤云
580,10,33,0.9481540031971424,肖鹤云
581,10,33,0.9481540031971424,李诗情
582,10,34,0.9943536553606842,肖鹤云
583,10,34,0.9943536553606842,李诗情
584,10,37,0.9995928888725363,肖鹤云
585,10,37,0.9995928888725363,李诗情
586,10,41,0.9952435799225149,肖鹤云
587,10,41,0.9952435799225149,李诗情
588,10,47,0.3848871368965877,李诗情
589,10,50,0.8115642881853521,李诗情
590,10,53,0.9933293896017505,肖鹤云
591,10,53,0.9933293896017505,李诗情
592,10,56,0.9315633761578519,卢迪
593,10,59,0.940841382050156,肖鹤云
594,10,59,0.940841382050156,李诗情
595,10,63,0.8995623138464085,肖鹤云
596,10,63,0.8995623138464085,李诗情
597,10,70,0.960254494825247,肖鹤云
598,10,70,0.960254494825247,李诗情
599,10,71,0.5358116442529204,卢迪
600,10,72,0.1346067570099131,卢迪
601,10,73,0.8503491349434636,肖鹤云
602,10,73,0.8503491349434636,卢迪
603,10,74,0.11935357575718575,卢迪
604,10,75,0.2456279837428954,卢迪
605,10,76,0.9923278659083014,肖鹤云
606,10,77,0.9988501529743475,肖鹤云
607,10,77,0.9988501529743475,卢迪
608,10,78,0.9809301994141413,肖鹤云
609,10,79,0.05197295761261955,卢迪
610,10,80,0.31937123966928227,李诗情
611,10,86,0.9824543286803931,李诗情
612,10,87,0.8913356539053634,李诗情
613,10,89,0.2717720148863053,李诗情
614,10,93,0.8578551802212037,李诗情
615,10,97,0.9943111398168439,李诗情
616,10,106,0.38333007948085307,李诗情
617,10,107,0.7772095247912559,李诗情
618,10,110,0.8219196795436777,李诗情
619,10,112,0.47821627891127405,李诗情
620,10,113,0.6158173821850785,李诗情
621,10,114,0.9192817862995942,李诗情
622,10,116,0.2938913107729335,李诗情
623,11,2,0.95987866879448,李诗情
624,11,4,0.8965395183804086,肖鹤云
625,11,5,0.9937473695390475,肖鹤云
626,11,7,0.8986466887171415,肖鹤云
627,11,7,0.8986466887171415,李诗情
628,11,9,0.11981441519856251,李诗情
629,11,11,0.8578859823698745,肖鹤云
630,11,11,0.8578859823698745,李诗情
631,11,12,0.8445664726051482,肖鹤云
632,11,12,0.8445664726051482,李诗情
633,11,16,0.9993089265954866,肖鹤云
634,11,21,0.9874385642242857,李诗情
635,11,25,0.9603019778334747,肖鹤云
636,11,25,0.9603019778334747,李诗情
637,11,26,0.9762094888646452,肖鹤云
638,11,29,0.4293040514173977,李诗情
639,11,31,0.9922216994495642,肖鹤云
640,11,31,0.9922216994495642,李诗情
641,11,37,0.9808584620037047,肖鹤云
642,11,40,0.9964374088888206,肖鹤云
643,11,40,0.9964374088888206,李诗情
644,11,44,0.9532072862857942,肖鹤云
645,11,48,0.8385162376586945,肖鹤云
646,11,52,0.9972420007408431,肖鹤云
647,11,52,0.9972420007408431,李诗情
648,11,53,0.8462278115193778,肖鹤云
649,11,56,0.9992391005128937,肖鹤云
650,11,56,0.9992391005128937,李诗情
651,11,57,0.997112356384318,肖鹤云
652,11,59,0.7101158416244112,李诗情
653,11,62,0.976376829738277,肖鹤云
654,11,62,0.976376829738277,李诗情
655,11,67,0.9984230179276998,肖鹤云
656,11,67,0.9984230179276998,李诗情
657,11,71,0.7800448657534277,肖鹤云
658,11,71,0.7800448657534277,李诗情
659,11,76,0.9934819687446602,肖鹤云
660,11,76,0.9934819687446602,李诗情
661,11,76,0.9934819687446602,张警官
662,11,80,0.9669910231719366,肖鹤云
663,11,80,0.9669910231719366,张警官
664,11,82,0.9870865316542591,肖鹤云
665,11,83,0.9874187826035645,肖鹤云
666,11,83,0.9874187826035645,张警官
667,11,84,0.8116268715355931,肖鹤云
668,11,85,0.9556907465041791,肖鹤云
669,11,86,0.9639654495408647,肖鹤云
670,11,86,0.9639654495408647,张警官
671,11,88,0.9511749622326598,李诗情
672,11,89,0.7146580625938307,肖鹤云
673,11,90,0.18621975543333336,李诗情
674,11,90,0.18621975543333336,张警官
675,11,91,0.5833621511035368,肖鹤云
676,11,92,0.2816723093217236,李诗情
677,11,93,0.2022219821216431,张警官
678,11,94,0.10153951388922677,张警官
679,11,105,0.36162035143311433,肖鹤云
680,11,105,0.36162035143311433,李诗情
681,11,106,0.06028655187433207,张警官
682,12,2,0.9940803171795244,肖鹤云
683,12,2,0.9940803171795244,李诗情
684,12,3,0.30329081243646006,张警官
685,12,5,0.9954320431214188,肖鹤云
686,12,5,0.9954320431214188,李诗情
687,12,7,0.9889947760894585,肖鹤云
688,12,7,0.9889947760894585,李诗情
689,12,7,0.9889947760894585,张警官
690,12,10,0.976912091505404,肖鹤云
691,12,10,0.976912091505404,李诗情
692,12,11,0.16614409572973077,张警官
693,12,14,0.1045543756773345,肖鹤云
694,12,14,0.1045543756773345,李诗情
695,12,14,0.1045543756773345,张警官
696,12,18,0.5962279267715109,张警官
697,12,19,0.8794433566334721,肖鹤云
698,12,21,0.9973669180362041,肖鹤云
699,12,21,0.9973669180362041,李诗情
700,12,24,0.9976288146035729,肖鹤云
701,12,24,0.9976288146035729,李诗情
702,12,26,0.14839953945258277,张警官
703,12,31,0.18828416743996157,肖鹤云
704,12,31,0.18828416743996157,李诗情
705,12,32,0.9698592861728889,肖鹤云
706,12,32,0.9698592861728889,李诗情
707,12,32,0.9698592861728889,张警官
708,12,33,0.9439687213506486,肖鹤云
709,12,36,0.9645338093663294,肖鹤云
710,12,37,0.9830814718619674,李诗情
711,12,41,0.9911884224140947,张警官
712,12,47,0.3466354040473264,张警官
713,12,48,0.9873512684296885,肖鹤云
714,12,48,0.9873512684296885,李诗情
715,12,49,0.9990793627990425,肖鹤云
716,12,49,0.9990793627990425,李诗情
717,12,54,0.1861954145257082,李诗情
718,12,54,0.1861954145257082,张警官
719,12,58,0.07832611353549901,李诗情
720,12,58,0.07832611353549901,张警官
721,12,62,0.26101162780652254,张警官
722,12,68,0.1034747092954208,张警官
723,12,69,0.13144730386284065,肖鹤云
724,12,69,0.13144730386284065,张警官
725,12,70,0.11026140932808359,张警官
726,12,72,0.9265144158547018,肖鹤云
727,12,76,0.539098847889665,肖鹤云
728,12,77,0.1952268006077642,张警官
729,12,78,0.19305291587238826,张警官
730,12,79,0.9414113173949643,肖鹤云
731,12,80,0.0820434008045896,张警官
732,12,81,0.07515956429476922,张警官
733,12,83,0.2007502364954652,张警官
734,12,84,0.8971770540675547,肖鹤云
735,12,84,0.8971770540675547,李诗情
736,12,86,0.26732176109378514,张警官
737,12,89,0.8672252959205983,肖鹤云
738,12,89,0.8672252959205983,李诗情
739,12,92,0.8414811517724874,李诗情
740,12,93,0.9755521327377782,李诗情
741,12,95,0.8294457583903977,肖鹤云
742,12,96,0.7432516372135457,肖鹤云
743,12,102,0.04675941044174037,张警官
744,12,103,0.357449113433719,肖鹤云
745,12,104,0.9996016777271295,肖鹤云
746,12,104,0.9996016777271295,李诗情
747,12,106,0.29426098042486637,张警官
748,12,113,0.3575590801539609,肖鹤云
749,12,116,0.9730153977160954,李诗情
750,12,120,0.027102559262774828,肖鹤云
751,12,124,0.14449624217150536,张警官
752,12,126,0.05799735143325535,张警官
753,13,13,0.2412671717435554,张警官
754,13,16,0.2896509865380855,张警官
755,13,17,0.44816476735077027,张警官
756,13,18,0.9186355473281508,肖鹤云
757,13,19,0.992803923710143,肖鹤云
758,13,21,0.9699075715441171,肖鹤云
759,13,22,0.7250902364799273,李诗情
760,13,23,0.9970013424341349,肖鹤云
761,13,25,0.9972740227947673,李诗情
762,13,46,0.3822525412095953,张警官
763,13,47,0.6923007222729582,张警官
764,13,48,0.9678404600958931,肖鹤云
765,13,50,0.6540545782906908,张警官
766,13,51,0.9764168567325281,肖鹤云
767,13,52,0.06805836729975423,张警官
768,13,53,0.42031345548253574,张警官
769,14,60,0.9126365070329547,李诗情
770,14,61,0.4537689469445747,肖鹤云
771,14,61,0.4537689469445747,李诗情
772,14,65,0.10298305810187636,李诗情
773,14,66,0.2280566655931764,李诗情
774,14,68,0.13506414501737762,李诗情
775,14,84,0.8232820083844712,李诗情
776,14,86,0.9979076022842265,李诗情
777,14,88,0.5980321078460135,李诗情
778,14,89,0.9481867277311048,李诗情
779,14,91,0.8431668836802303,李诗情
780,14,92,0.9953293263249151,李诗情
781,14,94,0.34888555797300047,李诗情
782,14,97,0.37058947260895436,李诗情
783,14,102,0.7630296578647648,李诗情
784,15,45,0.39540580252116053,肖鹤云
785,15,47,0.9469249201674219,李诗情
786,15,48,0.8433595444156148,李诗情
787,15,49,0.9977935064654122,肖鹤云
788,15,49,0.9977935064654122,李诗情
789,15,51,0.9956029966624093,李诗情
790,15,53,0.13845607906665114,张警官
791,15,55,0.949742522644587,李诗情
792,15,56,0.8611833890343329,肖鹤云
793,15,57,0.9661621608902671,肖鹤云
794,15,61,0.6356281456687994,李诗情
795,15,61,0.6356281456687994,张警官
796,15,65,0.146481138876988,张警官
797,15,69,0.6591044504993795,李诗情
798,15,72,0.3944391255662464,卢迪
799,15,73,0.33755162696732555,张警官
800,15,74,0.9111372812799091,李诗情
801,15,76,0.035962599921839256,李诗情
802,15,76,0.035962599921839256,张警官
803,15,77,0.29097570549069085,卢迪
804,15,78,0.16743005652052645,卢迪
805,15,81,0.9798114559033937,李诗情
806,15,87,0.7359630999905142,李诗情
807,15,87,0.7359630999905142,张警官
808,15,98,0.8013093971240006,李诗情
809,15,99,0.9576048279076711,肖鹤云
810,15,101,0.5827669199218553,李诗情
811,15,106,0.7856624200866831,张警官
812,15,108,0.1970360613669414,张警官
813,15,109,0.36468160782716685,张警官
814,15,115,0.9825340492320148,肖鹤云
815,15,115,0.9825340492320148,李诗情
816,15,118,0.9809415353030072,李诗情
817,15,120,0.2412671717435554,张警官
818,15,122,0.4784786788936035,肖鹤云
819,15,122,0.4784786788936035,李诗情
820,15,123,0.07345973870931488,张警官
821,15,125,0.27243834410302814,李诗情
822,15,125,0.27243834410302814,张警官
823,15,126,0.7504211736981994,肖鹤云
824,15,128,0.5367009476547685,肖鹤云
825,15,130,0.050086775360581925,李诗情
826,15,132,0.9472110642861117,肖鹤云
827,15,132,0.9472110642861117,李诗情
828,15,152,0.9981493964729977,肖鹤云
829,15,152,0.9981493964729977,李诗情
